ticker,quarter,sector,group,target_default,signal_1_solvency,signal_2_leverage,signal_3_coverage,signal_4_liquidity,signal_5_cashflow,distance_to_default,composite_pd,composite_credit_score
AAPL,2022Q1,baseline,B,0,6.086808080808081,3.6206896551724137,2.736842105263158,0.9782608695652174,1400.0,15.298959127043664,0.0606,6.06
AAPL,2022Q2,baseline,B,0,6.156333856792571,3.5325542570951587,3.626943005181347,0.9798561151079137,1400.0,14.255098713234565,0.0671,6.71
AAPL,2022Q3,baseline,B,0,6.224599567099567,3.4498381877022655,4.489795918367347,0.9814285714285714,1400.0,15.18239295064728,0.058,5.8
AAPL,2022Q4,baseline,B,0,6.291639161285179,3.3720565149136577,5.326633165829146,0.9829787234042553,1400.0,16.965309238664343,0.0449,4.49
AAPL,2023Q1,baseline,B,0,6.357485380116959,3.298780487804878,6.138613861386139,0.9845070422535211,1400.0,14.374740234885094,0.0607,6.07
AAPL,2023Q2,baseline,B,0,6.42216980890086,3.22962962962963,6.926829268292683,0.986013986013986,1400.0,15.306276483033194,0.0525,5.25
AAPL,2023Q3,baseline,B,0,6.485722928009679,3.164265129682997,7.6923076923076925,0.9875,1400.0,17.09989670448127,0.0407,4.07
AAPL,2023Q4,baseline,B,0,6.548174160782855,3.102384291725105,8.436018957345972,0.9889655172413793,1400.0,19.117318560350082,0.0306,3.06
APD,2022Q1,chemical,B,0,3.035535714285714,8.363636363636363,11.538461538461538,1.1714285714285715,40.0,10.58277858040991,0.2044,20.44
APD,2022Q2,chemical,B,0,3.0419833339147853,8.257777777777777,11.492537313432836,1.1751412429378532,40.0,11.70852803205047,0.1807,18.07
APD,2022Q3,chemical,B,0,3.0482946997292397,8.156521739130435,11.44927536231884,1.1787709497206704,40.0,10.703153403725926,0.2011,20.11
APD,2022Q4,chemical,B,0,3.0544740912790393,8.059574468085106,11.408450704225352,1.1823204419889504,40.0,9.527191569683241,0.2272,22.72
APD,2023Q1,chemical,B,0,3.0605256104824297,7.966666666666667,11.36986301369863,1.185792349726776,40.0,11.740108575718422,0.1792,17.92
APD,2023Q2,chemical,B,0,3.066453190763281,7.877551020408164,11.333333333333334,1.1891891891891893,40.0,10.73141192476799,0.1996,19.96
APD,2023Q3,chemical,B,0,3.0722606056290385,7.792,11.2987012987013,1.1925133689839573,40.0,9.551830383555636,0.2256,22.56
APD,2023Q4,chemical,B,0,3.077951476728946,7.709803921568628,11.265822784810126,1.1957671957671958,40.0,13.0762550364944,0.1536,15.36
BBBY,2022Q1,retail,A,1,-0.01119247699079634,77.5,-2.4444444444444446,1.0555555555555556,-110.0,1.5334761242058301,0.875,87.5
BBBY,2022Q2,retail,A,1,-0.2777365491651205,50.0,-4.583333333333333,0.9210526315789473,-240.0,0.7743294460187682,0.8423,84.23
BBBY,2022Q3,retail,A,1,-0.5898369565217391,50.0,-5.769230769230769,0.8,-65.0,0.3611081363211534,0.8528,85.28
BBBY,2022Q4,retail,A,1,-0.880244755244755,50.0,-6.909090909090909,0.7142857142857143,15.0,0.07611174135146898,0.8634,86.34
BBBY,2023Q1,retail,A,1,-1.3117441325356651,50.0,-7.241379310344827,0.5454545454545454,-70.0,1.7443769075970392,0.8494,84.94
BBBY,2023Q2,retail,A,1,-1.867485380116959,50.0,-7.903225806451613,0.391304347826087,-35.0,-2.0,0.9111,91.11
BBBY,2023Q3,retail,A,1,-2.579791443850267,50.0,-8.461538461538462,0.25,-25.0,-2.0,0.9206,92.06
BBBY,2023Q4,retail,A,1,-3.4294642857142854,50.0,-8.823529411764707,0.16,-15.0,-2.0,0.9299,92.99
COST,2022Q1,retail,B,0,4.68859375,2.5833333333333335,50.0,1.103448275862069,300.0,18.315571706282054,0.0246,2.46
COST,2022Q2,retail,B,0,4.7139677414418415,2.5365853658536586,50.0,1.1054421768707483,300.0,21.93231768656658,0.0152,1.52
COST,2022Q3,retail,B,0,4.738819931642381,2.492063492063492,50.0,1.1073825503355705,300.0,21.278243373049406,0.0165,1.65
COST,2022Q4,retail,B,0,4.763166282331859,2.449612403100775,50.0,1.109271523178808,300.0,20.149332166907392,0.0191,1.91
COST,2023Q1,retail,B,0,4.7870221096269,2.409090909090909,50.0,1.1111111111111112,300.0,22.041288448737596,0.0148,1.48
COST,2023Q2,retail,B,0,4.810402116402116,2.3703703703703702,50.0,1.1129032258064515,300.0,21.381833221674896,0.0161,1.61
COST,2023Q3,retail,B,0,4.83332042273004,2.3333333333333335,50.0,1.1146496815286624,300.0,20.24549031474225,0.0186,1.86
COST,2023Q4,retail,B,0,4.85579059452274,2.297872340425532,50.0,1.1163522012578617,300.0,23.583428576917136,0.0119,1.19
CS,2022Q1,bank,A,1,0.1413793103448276,0.7692307692307693,0.017,0.003076923076923077,0.05394736842105263,3.049901467306862,0.571,57.1
CS,2022Q2,bank,A,1,0.13859649122807016,0.8194444444444444,0.01966101694915254,0.003,0.05410958904109589,1.7364456463656963,0.6137,61.37
CS,2022Q3,bank,A,1,0.1357142857142857,0.9354838709677419,0.023448275862068966,0.002857142857142857,0.05588235294117647,1.0009990010602736,0.6373,63.73
CS,2022Q4,bank,A,1,0.13333333333333333,1.2173913043478262,0.030357142857142857,0.0027083333333333334,0.06792452830188679,0.5501871529076832,0.6523,65.23
CS,2023Q1,bank,A,1,0.11923076923076924,1.4444444444444444,0.03923076923076923,0.002619047619047619,0.06595744680851064,-0.07747437982906627,0.6725,67.25
CS,2023Q2,bank,A,1,0.10980392156862745,1.5,0.04791666666666667,0.002375,0.06363636363636363,-2.0,0.7268,72.68
CS,2023Q3,bank,A,1,0.104,1.5333333333333334,0.05565217391304348,0.0022368421052631577,0.06190476190476191,-2.0,0.7271,72.71
CS,2023Q4,bank,A,1,0.1,1.5172413793103448,0.06136363636363636,0.0020833333333333333,0.06125,-2.0,0.7271,72.71
GS,2022Q1,bank,B,0,0.14153846153846153,0.4722222222222222,0.011764705882352941,0.0015,0.06666666666666667,6.626782130385349,0.4507,45.07
GS,2022Q2,bank,B,0,0.1422664624808576,0.4724517906336088,0.01174927113702624,0.0015231788079470199,0.06688264938804896,5.269209174717818,0.4959,49.59
GS,2022Q3,bank,B,0,0.14298780487804877,0.4726775956284153,0.011734104046242774,0.0015460526315789474,0.06709585121602289,5.560571614180843,0.4861,48.61
GS,2022Q4,bank,B,0,0.14370257966616085,0.47289972899729,0.01171919770773639,0.001568627450980392,0.06730632551528073,5.634037705221374,0.4837,48.37
GS,2023Q1,bank,B,0,0.14441087613293052,0.4731182795698925,0.011704545454545455,0.001590909090909091,0.06751412429378531,5.281763031634001,0.4954,49.54
GS,2023Q2,bank,B,0,0.14511278195488722,0.47333333333333333,0.011690140845070423,0.0016129032258064516,0.06771929824561404,5.573554773929954,0.4856,48.56
GS,2023Q3,bank,B,0,0.14580838323353293,0.47354497354497355,0.011675977653631285,0.0016346153846153845,0.06792189679218968,5.64690711505074,0.4832,48.32
GS,2023Q4,bank,B,0,0.1464977645305514,0.473753280839895,0.011662049861495844,0.0016560509554140127,0.06812196812196812,5.702159942300364,0.4813,48.13
JPM,2022Q1,bank,B,0,0.13529411764705881,0.5319148936170213,0.00576,0.0067741935483870966,0.062162162162162166,6.654237523498128,0.4502,45.02
JPM,2022Q2,bank,B,0,0.13620386643233742,0.5337293169282987,0.00575516693163752,0.006816,0.06241610738255034,6.687779603136164,0.4491,44.91
JPM,2022Q3,bank,B,0,0.1371061843640607,0.5355329949238579,0.005750394944707741,0.006857142857142857,0.06266666666666666,7.072781345223974,0.4364,43.64
JPM,2022Q4,bank,B,0,0.1380011621150494,0.5373260227752004,0.005745682888540032,0.006897637795275591,0.06291390728476821,8.135394046616343,0.4018,40.18
JPM,2023Q1,bank,B,0,0.1388888888888889,0.5391084945332212,0.005741029641185647,0.0069375,0.06315789473684211,6.700923426947664,0.4486,44.86
JPM,2023Q2,bank,B,0,0.13976945244956773,0.5408805031446541,0.005736434108527132,0.0069767441860465115,0.06339869281045751,7.08641599203189,0.4358,43.58
JPM,2023Q3,bank,B,0,0.14064293915040182,0.5426421404682275,0.005731895223420647,0.007015384615384615,0.06363636363636363,8.150792087808894,0.4012,40.12
JPM,2023Q4,bank,B,0,0.14150943396226415,0.5443934972905378,0.005727411944869832,0.007053435114503816,0.06387096774193549,7.869253050545318,0.4102,41.02
MSFT,2022Q1,baseline,B,0,9.452261735419631,2.4680851063829787,41.666666666666664,1.7934782608695652,1900.0,18.641984371269807,0.0082,0.82
MSFT,2022Q2,baseline,B,0,9.558776595744682,2.409090909090909,42.04081632653061,1.7914438502673797,1900.0,18.123961077039606,0.0086,0.86
MSFT,2022Q3,baseline,B,0,9.663010741080583,2.353413654618474,42.4,1.7894736842105263,1900.0,17.195212497213795,0.0095,0.95
MSFT,2022Q4,baseline,B,0,9.765037870818428,2.30078125,42.745098039215684,1.7875647668393781,1900.0,20.08451641446289,0.0063,0.63
MSFT,2023Q1,baseline,B,0,9.864928472542685,2.2509505703422055,43.07692307692308,1.7857142857142858,1900.0,18.325114186565017,0.0078,0.78
MSFT,2023Q2,baseline,B,0,9.96275,2.2037037037037037,43.39622641509434,1.7839195979899498,1900.0,17.38077226055232,0.0087,0.87
MSFT,2023Q3,baseline,B,0,10.058567038969906,2.1588447653429603,43.7037037037037,1.7821782178217822,1900.0,20.29489902469831,0.0058,0.58
MSFT,2023Q4,baseline,B,0,10.1524414620217,2.1161971830985915,44.0,1.7804878048780488,1900.0,15.510822502959853,0.0107,1.07
PRTY,2022Q1,retail,A,1,-0.27167984189723315,30.0,0.4,0.975609756097561,-15.0,1.8363144176353796,0.7262,72.62
PRTY,2022Q2,retail,A,1,-0.3945875665215288,39.0,-0.18518518518518517,0.9166666666666666,-15.0,1.1477890600653584,0.7807,78.07
PRTY,2022Q3,retail,A,1,-0.526470588235294,55.2,-0.6896551724137931,0.8604651162790697,-15.0,0.44765464534040034,0.8453,84.53
PRTY,2022Q4,retail,A,1,-0.6684622195985832,93.0,-1.1290322580645162,0.8068181818181818,-15.0,-0.4110832951189944,0.9274,92.74
PRTY,2023Q1,retail,A,1,-0.8218863518422417,282.0,-1.5151515151515151,0.7555555555555555,-15.0,-2.0,0.9982,99.82
PRTY,2023Q2,retail,A,1,-0.9882999999999997,50.0,-1.8571428571428572,0.7065217391304348,-15.0,-2.0,0.8843,88.43
PRTY,2023Q3,retail,A,1,-1.1695477018861016,50.0,-2.1621621621621623,0.6595744680851063,-15.0,-2.0,0.888,88.8
PRTY,2023Q4,retail,A,1,-1.3678318207600682,50.0,-2.4358974358974357,0.6145833333333334,-15.0,-2.0,0.8918,89.18
RAD,2022Q1,retail,A,1,0.2070333333333333,28.181818181818183,-0.38461538461538464,0.9655172413793104,-20.0,2.1765255358521256,0.6998,69.98
RAD,2022Q2,retail,A,1,0.14038684892343434,31.3,-0.8181818181818182,0.9254237288135593,-20.0,1.0966034252028223,0.7448,74.48
RAD,2022Q3,retail,A,1,0.0717353874715535,35.111111111111114,-1.206896551724138,0.8866666666666667,-20.0,1.0572989088942806,0.7628,76.28
RAD,2022Q4,retail,A,1,0.0009713562844494428,39.875,-1.5573770491803278,0.8491803278688524,-20.0,0.49949203004704223,0.7945,79.45
RAD,2023Q1,retail,A,1,-0.07201991271140207,46.0,-1.875,0.8129032258064516,-20.0,0.9916685218507582,0.8054,80.54
RAD,2023Q2,retail,A,1,-0.14736079328756668,54.166666666666664,-2.1641791044776117,0.7777777777777778,-20.0,1.2732353765195699,0.8255,82.55
RAD,2023Q3,retail,A,1,-0.2251820612094395,65.6,-2.4285714285714284,0.74375,-20.0,-2.0,0.9023,90.23
RAD,2023Q4,retail,A,1,-0.3056236649020153,82.75,-2.671232876712329,0.7107692307692308,-20.0,-2.0,0.9283,92.83
SIVB,2022Q1,bank,A,1,0.12459016393442623,0.3434343434343434,0.002058823529411765,0.005714285714285714,0.06909090909090909,6.220378269698889,0.4642,46.42
SIVB,2022Q2,bank,A,1,0.12333333333333334,0.3717277486910995,0.0022535211267605635,0.005673076923076923,0.06788990825688074,3.436807478666904,0.5571,55.71
SIVB,2022Q3,bank,A,1,0.12033898305084746,0.4005524861878453,0.002620689655172414,0.00558252427184466,0.06604651162790698,2.4674869056635225,0.5891,58.91
SIVB,2022Q4,bank,A,1,0.12,0.4277456647398844,0.002972972972972973,0.005463414634146341,0.06509433962264151,1.5507530266090106,0.6185,61.85
SIVB,2023Q1,bank,A,1,0.09545454545454546,0.5285714285714286,0.00472972972972973,0.0044444444444444444,0.05675675675675676,-0.19342551528598653,0.673,67.3
SIVB,2023Q2,bank,A,1,0.0761904761904762,0.6545454545454545,0.006666666666666667,0.004,0.05161290322580645,-2.0,0.7249,72.49
SIVB,2023Q3,bank,A,1,0.065,0.7777777777777778,0.009285714285714286,0.0034615384615384616,0.04814814814814815,-2.0,0.7256,72.56
SIVB,2023Q4,bank,A,1,0.05263157894736842,0.9066666666666666,0.011764705882352941,0.0027272727272727275,0.043478260869565216,-2.0,0.7265,72.65
TGT,2022Q1,retail,B,0,1.8885706914344684,8.378378378378379,11.73913043478261,1.3461538461538463,100.0,9.912698858056455,0.2427,24.27
TGT,2022Q2,retail,B,0,1.9001018544033146,8.253968253968255,11.794871794871796,1.349388379204893,100.0,10.454294541078726,0.2287,22.87
TGT,2022Q3,retail,B,0,1.9115019379844962,8.134715025906736,11.84873949579832,1.3525835866261398,100.0,9.448452524261663,0.2522,25.22
TGT,2022Q4,retail,B,0,1.9227731688080905,8.02030456852792,11.900826446280991,1.355740181268882,100.0,7.803142532378853,0.2949,29.49
TGT,2023Q1,retail,B,0,1.9339177232689497,7.91044776119403,11.951219512195122,1.3588588588588588,100.0,10.465528274175924,0.2257,22.57
TGT,2023Q2,retail,B,0,1.9449377289377288,7.804878048780488,12.0,1.3619402985074627,100.0,9.458472437417713,0.2492,24.92
TGT,2023Q3,retail,B,0,1.9558352659245515,7.70334928229665,12.047244094488189,1.3649851632047478,100.0,7.8113180030544,0.2916,29.16
TGT,2023Q4,retail,B,0,1.9666123681971568,7.605633802816901,12.093023255813954,1.3679941002949854,100.0,9.355364109846937,0.25,25.0
VNTR,2022Q1,chemical,A,1,0.10018260869565215,21.11111111111111,0.8333333333333334,1.5517241379310345,-15.0,2.3963403359765207,0.6524,65.24
VNTR,2022Q2,chemical,A,1,-0.0634348739495798,49.0,-0.5263157894736842,1.4333333333333333,-20.0,1.1780130992546272,0.798,79.8
VNTR,2022Q3,chemical,A,1,-0.25260425909494233,50.0,-2.25,1.3442622950819672,-25.0,0.710430750348024,0.8219,82.19
VNTR,2022Q4,chemical,A,1,-0.5013919413919414,50.0,-3.8095238095238093,1.2580645161290323,-25.0,0.2302578800415483,0.8417,84.17
VNTR,2023Q1,chemical,A,1,-0.878974358974359,50.0,-4.782608695652174,1.0461538461538462,-30.0,1.4990032304173497,0.8314,83.14
VNTR,2023Q2,chemical,A,1,-1.3096507936507933,50.0,-5.6,0.855072463768116,-25.0,-2.0,0.8963,89.63
VNTR,2023Q3,chemical,A,1,-1.8885663531870431,50.0,-6.481481481481482,0.6575342465753424,-17.0,-2.0,0.9066,90.66
VNTR,2023Q4,chemical,A,1,-2.5738,50.0,-7.241379310344827,0.5,-13.0,-2.0,0.9168,91.68
WE,2022Q1,baseline,A,1,-1.194411764705882,50.0,-4.375,0.64,-40.0,2.3585406170586425,0.8249,82.49
WE,2022Q2,baseline,A,1,-1.2679594656840165,50.0,-4.512195121951219,0.6039215686274509,-40.0,1.5261004687869426,0.8426,84.26
WE,2022Q3,baseline,A,1,-1.3438838812301166,50.0,-4.642857142857143,0.5692307692307692,-40.0,0.9725483531372708,0.8543,85.43
WE,2022Q4,baseline,A,1,-1.422328190743338,50.0,-4.767441860465116,0.5358490566037736,-40.0,-0.02567688452909531,0.872,87.2
WE,2023Q1,baseline,A,1,-1.5034460005386479,50.0,-4.886363636363637,0.5037037037037037,-40.0,-0.13314361625588075,0.8754,87.54
WE,2023Q2,baseline,A,1,-1.587402376910017,50.0,-5.0,0.4727272727272727,-40.0,-0.4884346968218319,0.8823,88.23
WE,2023Q3,baseline,A,1,-1.6743750000000002,50.0,-5.108695652173913,0.44285714285714284,-40.0,-2.0,0.9032,90.32
WE,2023Q4,baseline,A,1,-1.7645554556147511,50.0,-5.212765957446808,0.41403508771929826,-40.0,-2.0,0.9048,90.48
