company,ticker,quarter,sector,group,equity_value_M,total_debt_M,equity_volatility,distance_to_default,probability_of_default
Apple,AAPL,2022Q1,baseline,B,2600000.0,105000.0,0.22166716503324507,15.298959127043664,0.0
Apple,AAPL,2022Q2,baseline,B,2650000.0,105800.0,0.23834109597983694,14.255098713234565,0.0
Apple,AAPL,2022Q3,baseline,B,2700000.0,106600.0,0.22462704108477535,15.18239295064728,0.0
Apple,AAPL,2022Q4,baseline,B,2750000.0,107400.0,0.20185658126958034,16.965309238664343,0.0
Apple,AAPL,2023Q1,baseline,B,2800000.0,108200.0,0.23834109597983702,14.374740234885094,0.0
Apple,AAPL,2023Q2,baseline,B,2850000.0,109000.0,0.22462704108477535,15.306276483033194,0.0
Apple,AAPL,2023Q3,baseline,B,2900000.0,109800.0,0.20185658126958025,17.09989670448127,0.0
Apple,AAPL,2023Q4,baseline,B,2950000.0,110600.0,0.18120628628480642,19.117318560350082,0.0
Air Products and Chemicals,APD,2022Q1,chemical,B,54000.0,9200.0,0.21381821184924443,10.58277858040991,0.0
Air Products and Chemicals,APD,2022Q2,chemical,B,54700.0,9290.0,0.19374213242378324,11.70852803205047,0.0
Air Products and Chemicals,APD,2022Q3,chemical,B,55400.0,9380.0,0.2118405284868134,10.703153403725926,0.0
Air Products and Chemicals,APD,2022Q4,chemical,B,56100.0,9470.0,0.23767787067685409,9.527191569683241,0.0
Air Products and Chemicals,APD,2023Q1,chemical,B,56800.0,9560.0,0.19374213242378327,11.740108575718422,0.0
Air Products and Chemicals,APD,2023Q2,chemical,B,57500.0,9650.0,0.21184052848681328,10.73141192476799,0.0
Air Products and Chemicals,APD,2023Q3,chemical,B,58200.0,9740.0,0.23767787067685398,9.551830383555636,0.0
Air Products and Chemicals,APD,2023Q4,chemical,B,58900.0,9830.0,0.17461687824355276,13.0762550364944,0.0
Bed Bath & Beyond,BBBY,2022Q1,retail,A,650.0,3100.0,0.6469258319452718,1.5334761242058301,0.06257929251534955
Bed Bath & Beyond,BBBY,2022Q2,retail,A,480.0,3150.0,0.9145529529880135,0.7743294460187682,0.2193679973564937
Bed Bath & Beyond,BBBY,2022Q3,retail,A,290.0,3200.0,1.0957928697491497,0.3611081363211534,0.3590093055800351
Bed Bath & Beyond,BBBY,2022Q4,retail,A,120.0,3200.0,1.229614085504044,0.07611174135146898,0.4696650994955552
Bed Bath & Beyond,BBBY,2023Q1,retail,A,60.0,3300.0,1.8451506946249403,1.7443769075970392,0.04054669448823672
Bed Bath & Beyond,BBBY,2023Q2,retail,A,25.0,3400.0,,,
Bed Bath & Beyond,BBBY,2023Q3,retail,A,10.0,3500.0,,,
Bed Bath & Beyond,BBBY,2023Q4,retail,A,5.0,3600.0,,,
Costco,COST,2022Q1,retail,B,220000.0,6200.0,0.2027903251469694,18.315571706282054,0.0
Costco,COST,2022Q2,retail,B,223000.0,6240.0,0.1699135576764484,21.93231768656658,0.0
Costco,COST,2022Q3,retail,B,226000.0,6280.0,0.17538887024264274,21.278243373049406,0.0
Costco,COST,2022Q4,retail,B,229000.0,6320.0,0.18543404488683551,20.149332166907392,0.0
Costco,COST,2023Q1,retail,B,232000.0,6360.0,0.16991355767644847,22.041288448737596,0.0
Costco,COST,2023Q2,retail,B,235000.0,6400.0,0.17538887024264288,21.381833221674896,0.0
Costco,COST,2023Q3,retail,B,238000.0,6440.0,0.1854340448868355,20.24549031474225,0.0
Costco,COST,2023Q4,retail,B,241000.0,6480.0,0.15961517719488633,23.583428576917136,0.0
Credit Suisse,CS,2022Q1,bank,A,22000.0,320000.0,0.3376949683742531,3.049901467306862,0.0011445822735539068
Credit Suisse,CS,2022Q2,bank,A,16000.0,315000.0,0.5579692116701535,1.7364456463656963,0.04124253356772062
Credit Suisse,CS,2022Q3,bank,A,11500.0,310000.0,0.7871187864136072,1.0009990010602736,0.158413645664856
Credit Suisse,CS,2022Q4,bank,A,8000.0,300000.0,0.9771445323382393,0.5501871529076832,0.29109550715227533
Credit Suisse,CS,2023Q1,bank,A,4500.0,290000.0,1.3072421530557885,-0.07747437982906627,0.5308769140316736
Credit Suisse,CS,2023Q2,bank,A,2400.0,285000.0,1.59098478104878,,
Credit Suisse,CS,2023Q3,bank,A,1200.0,280000.0,,,
Credit Suisse,CS,2023Q4,bank,A,600.0,275000.0,,,
Goldman Sachs,GS,2022Q1,bank,B,120000.0,280000.0,0.1796880544212665,6.626782130385349,1.7154166975785756e-11
Goldman Sachs,GS,2022Q2,bank,B,122000.0,283000.0,0.22562565308490423,5.269209174717818,6.850638073485626e-08
Goldman Sachs,GS,2022Q3,bank,B,124000.0,286000.0,0.21411838281958837,5.560571614180843,1.3444624247238579e-08
Goldman Sachs,GS,2022Q4,bank,B,126000.0,289000.0,0.21152500078266215,5.634037705221374,8.801925299728453e-09
Goldman Sachs,GS,2023Q1,bank,B,128000.0,292000.0,0.22562565308490432,5.281763031634001,6.397331109297966e-08
Goldman Sachs,GS,2023Q2,bank,B,130000.0,295000.0,0.21411838281958823,5.573554773929954,1.2479656419372986e-08
Goldman Sachs,GS,2023Q3,bank,B,132000.0,298000.0,0.21152500078266198,5.64690711505074,8.168001608410691e-09
Goldman Sachs,GS,2023Q4,bank,B,134000.0,301000.0,0.20964974584285112,5.702159942300364,5.9149373732303445e-09
JPMorgan Chase,JPM,2022Q1,bank,B,410000.0,320000.0,0.22074713260278714,6.654237523498128,1.4238610290817633e-11
JPMorgan Chase,JPM,2022Q2,bank,B,415000.0,323000.0,0.21980741970093307,6.687779603136164,1.1329104321333716e-11
JPMorgan Chase,JPM,2022Q3,bank,B,420000.0,326000.0,0.20818265559433827,7.072781345223974,7.592815265411446e-13
JPMorgan Chase,JPM,2022Q4,bank,B,425000.0,329000.0,0.18147600331418384,8.135394046616343,2.220446049250313e-16
JPMorgan Chase,JPM,2023Q1,bank,B,430000.0,332000.0,0.21980741970093315,6.700923426947664,1.0355327706434991e-11
JPMorgan Chase,JPM,2023Q2,bank,B,435000.0,335000.0,0.20818265559433827,7.08641599203189,6.88116230662672e-13
JPMorgan Chase,JPM,2023Q3,bank,B,440000.0,338000.0,0.18147600331418384,8.150792087808894,2.220446049250313e-16
JPMorgan Chase,JPM,2023Q4,bank,B,445000.0,341000.0,0.1879945058808767,7.869253050545318,1.7763568394002505e-15
Microsoft,MSFT,2022Q1,baseline,B,2700000.0,58000.0,0.21239194709556042,18.641984371269807,0.0
Microsoft,MSFT,2022Q2,baseline,B,2760000.0,58300.0,0.21923608780330328,18.123961077039606,0.0
Microsoft,MSFT,2022Q3,baseline,B,2820000.0,58600.0,0.23179255610854418,17.195212497213795,0.0
Microsoft,MSFT,2022Q4,baseline,B,2880000.0,58900.0,0.19951897149360825,20.08451641446289,0.0
Microsoft,MSFT,2023Q1,baseline,B,2940000.0,59200.0,0.21923608780330336,18.325114186565017,0.0
Microsoft,MSFT,2023Q2,baseline,B,3000000.0,59500.0,0.23179255610854424,17.38077226055232,0.0
Microsoft,MSFT,2023Q3,baseline,B,3060000.0,59800.0,0.19951897149360798,20.29489902469831,0.0
Microsoft,MSFT,2023Q4,baseline,B,3120000.0,60100.0,0.2610207456839109,15.510822502959853,0.0
Party City,PRTY,2022Q1,retail,A,180.0,1350.0,0.5501237620720429,1.8363144176353796,0.03315558432752341
Party City,PRTY,2022Q2,retail,A,160.0,1365.0,0.7536732810724671,1.1477890600653584,0.12552782731160805
Party City,PRTY,2022Q3,retail,A,140.0,1380.0,1.0548519550700004,0.44765464534040034,0.3272012294684139
Party City,PRTY,2022Q4,retail,A,120.0,1395.0,1.5680433535210934,-0.4110832951189944,0.6594942707098304
Party City,PRTY,2023Q1,retail,A,100.0,1410.0,,,
Party City,PRTY,2023Q2,retail,A,80.0,1425.0,,,
Party City,PRTY,2023Q3,retail,A,60.0,1440.0,,,
Party City,PRTY,2023Q4,retail,A,40.0,1455.0,,,
Rite Aid,RAD,2022Q1,retail,A,350.0,3100.0,0.4725673327782759,2.1765255358521256,0.014757993189500662
Rite Aid,RAD,2022Q2,retail,A,310.0,3130.0,0.7678823514175285,1.0966034252028223,0.13640739477160657
Rite Aid,RAD,2022Q3,retail,A,270.0,3160.0,0.7790599183173904,1.0572989088942806,0.14518759554119332
Rite Aid,RAD,2022Q4,retail,A,230.0,3190.0,1.0182053710348307,0.49949203004704223,0.3087164000388516
Rite Aid,RAD,2023Q1,retail,A,190.0,3220.0,1.6820280078669674,0.9916685218507582,0.16067962565907634
Rite Aid,RAD,2023Q2,retail,A,150.0,3250.0,1.477527431291602,1.2732353765195699,0.10146726532822103
Rite Aid,RAD,2023Q3,retail,A,110.0,3280.0,,,
Rite Aid,RAD,2023Q4,retail,A,70.0,3310.0,,,
Silicon Valley Bank,SIVB,2022Q1,bank,A,32000.0,25000.0,0.23577260523308607,6.220378269698889,2.4797885966876265e-10
Silicon Valley Bank,SIVB,2022Q2,bank,A,25000.0,25500.0,0.3937265742392233,3.436807478666904,0.0002943069137734122
Silicon Valley Bank,SIVB,2022Q3,bank,A,19500.0,26000.0,0.5080657119563493,2.4674869056635225,0.00680325989071251
Silicon Valley Bank,SIVB,2022Q4,bank,A,13500.0,26500.0,0.6969269871148971,1.5507530266090106,0.06048044075875292
Silicon Valley Bank,SIVB,2023Q1,bank,A,6200.0,27000.0,1.4961609821090482,-0.19342551528598653,0.5766871327857996
Silicon Valley Bank,SIVB,2023Q2,bank,A,500.0,27500.0,,,
Silicon Valley Bank,SIVB,2023Q3,bank,A,50.0,28000.0,,,
Silicon Valley Bank,SIVB,2023Q4,bank,A,5.0,28500.0,,,
Target,TGT,2022Q1,retail,B,65000.0,15500.0,0.20653865064506619,9.912698858056455,0.0
Target,TGT,2022Q2,retail,B,65500.0,15600.0,0.19607479234187014,10.454294541078726,0.0
Target,TGT,2022Q3,retail,B,66000.0,15700.0,0.21666085706157978,9.448452524261663,0.0
Target,TGT,2022Q4,retail,B,66500.0,15800.0,0.26132455407884636,7.803142532378853,2.9976021664879227e-15
Target,TGT,2023Q1,retail,B,67000.0,15900.0,0.19607479234187014,10.465528274175924,0.0
Target,TGT,2023Q2,retail,B,67500.0,16000.0,0.21666085706157984,9.458472437417713,0.0
Target,TGT,2023Q3,retail,B,68000.0,16100.0,0.2613245540788463,7.8113180030544,2.831068712794149e-15
Target,TGT,2023Q4,retail,B,68500.0,16200.0,0.21915111119492967,9.355364109846937,0.0
Venator Materials,VNTR,2022Q1,chemical,A,210.0,950.0,0.45050562995864846,2.3963403359765207,0.008279853173069507
Venator Materials,VNTR,2022Q2,chemical,A,150.0,980.0,0.7515486891139465,1.1780130992546272,0.11939569202649941
Venator Materials,VNTR,2022Q3,chemical,A,95.0,990.0,0.9263403969160222,0.710430750348024,0.23871852993972675
Venator Materials,VNTR,2022Q4,chemical,A,60.0,1000.0,1.1537031627214207,0.2302578800415483,0.4089456940626888
Venator Materials,VNTR,2023Q1,chemical,A,30.0,1050.0,1.6130801132201777,1.4990032304173497,0.06693639700696863
Venator Materials,VNTR,2023Q2,chemical,A,12.0,1100.0,,,
Venator Materials,VNTR,2023Q3,chemical,A,4.0,1150.0,,,
Venator Materials,VNTR,2023Q4,chemical,A,1.0,1200.0,,,
WeWork,WE,2022Q1,baseline,A,1200.0,3600.0,0.47411927624337435,2.3585406170586425,0.009173475945535414
WeWork,WE,2022Q2,baseline,A,1050.0,3640.0,0.6647928596026522,1.5261004687869426,0.06349242267796001
WeWork,WE,2022Q3,baseline,A,900.0,3680.0,0.8535739652173214,0.9725483531372708,0.16538891101064035
WeWork,WE,2022Q4,baseline,A,750.0,3720.0,1.3689443111971804,-0.02567688452909531,0.5102424693745046
WeWork,WE,2023Q1,baseline,A,600.0,3760.0,1.4202392909693022,-0.13314361625588075,0.5529600992964204
WeWork,WE,2023Q2,baseline,A,450.0,3800.0,1.6472480030509713,-0.4884346968218319,0.6873790147356114
WeWork,WE,2023Q3,baseline,A,300.0,3840.0,,,
WeWork,WE,2023Q4,baseline,A,150.0,3880.0,,,
